{
    "0": {
        "precision": 0.9606557377049181,
        "recall": 0.9015384615384615,
        "f1-score": 0.9301587301587302,
        "support": 325.0
    },
    "1": {
        "precision": 0.8849557522123894,
        "recall": 0.9118541033434651,
        "f1-score": 0.8982035928143712,
        "support": 329.0
    },
    "2": {
        "precision": 0.9502762430939227,
        "recall": 0.9772727272727273,
        "f1-score": 0.9635854341736695,
        "support": 352.0
    },
    "accuracy": 0.9314115308151093,
    "macro avg": {
        "precision": 0.93196257767041,
        "recall": 0.9302217640515513,
        "f1-score": 0.930649252382257,
        "support": 1006.0
    },
    "weighted avg": {
        "precision": 0.9322671916511285,
        "recall": 0.9314115308151093,
        "f1-score": 0.9314042168654544,
        "support": 1006.0
    }
}